seq	RMSF_R1	RMSF_R2	RMSF_R3
R	0.759	1.056	0.945
E	0.629	0.866	0.783
N	0.515	0.634	0.607
F	0.444	0.509	0.482
P	0.294	0.384	0.442
G	0.239	0.341	0.369
V	0.306	0.3	0.386
S	0.286	0.274	0.292
W	0.225	0.27	0.218
D	0.24	0.325	0.218
S	0.293	0.345	0.244
L	0.266	0.269	0.21
P	0.267	0.23	0.208
D	0.221	0.173	0.174
E	0.284	0.154	0.217
L	0.279	0.188	0.219
L	0.194	0.164	0.164
L	0.205	0.107	0.168
G	0.256	0.153	0.208
I	0.207	0.17	0.187
F	0.156	0.11	0.153
S	0.222	0.129	0.195
C	0.224	0.184	0.214
L	0.169	0.175	0.182
C	0.172	0.192	0.201
L	0.178	0.154	0.189
P	0.201	0.161	0.199
E	0.18	0.175	0.187
L	0.136	0.129	0.156
L	0.176	0.135	0.171
K	0.199	0.184	0.184
V	0.19	0.178	0.181
S	0.193	0.163	0.186
G	0.21	0.212	0.21
V	0.22	0.258	0.251
C	0.188	0.296	0.189
K	0.206	0.303	0.192
R	0.158	0.312	0.141
W	0.113	0.193	0.116
Y	0.181	0.203	0.155
R	0.224	0.189	0.171
L	0.193	0.142	0.147
A	0.2	0.146	0.168
S	0.271	0.187	0.211
D	0.278	0.194	0.227
E	0.305	0.247	0.252
S	0.349	0.231	0.321
L	0.271	0.149	0.229
W	0.252	0.185	0.235
Q	0.366	0.284	0.362
T	0.497	0.332	0.479
L	0.652	0.387	0.667
D	0.852	0.533	0.827
